<?xml version="1.0" encoding="UTF-8"?>
<beans xmlns="http://www.springframework.org/schema/beans"
	xmlns:xsi="http://www.w3.org/2001/XMLSchema-instance" xmlns:context="http://www.springframework.org/schema/context"
	xsi:schemaLocation="http://www.springframework.org/schema/beans
     http://www.springframework.org/schema/beans/spring-beans-4.0.xsd
     http://www.springframework.org/schema/context
     http://www.springframework.org/schema/context/spring-context-4.0.xsd">
     
     
     <import resource="dbConfig.xml"></import>

	<!-- <bean id="dbUtil" class="com.cg.appl.util.EntityManageUtil" /> -->
	<context:component-scan base-package="com.cg.appl" />
	
	
	
	<!-- <bean id="empDao" class="com.cg.appl.daos.EmpDaoImpl" > <property name="util" 
		ref="dbUtil" /> </bean> -->
	<!-- <bean id="empService" class="com.cg.appl.service.EmpServiceImpl" > 
		<property name="dao" ref="empDao" /> </bean> -->


	

<bean class="org.springframework.beans.factory.config.PropertyPlaceholderConfigurer">
<property name="locations" value="classpath:oracle.properties">
</property>
</bean>



</beans>